Order_ID,Order_Date,Month,Region,Salesperson,Product_Category,Product,Units,Revenue,Cost,Profit
SO-10001,2026-01-15,2026-01,North,Avery,Electronics,Display Hub,16,4016.00,2715.94,1300.06
SO-10002,2026-01-15,2026-01,North,Morgan,Office,Standing Desk,23,8510.00,5015.05,3494.95
SO-10003,2026-01-15,2026-01,North,Morgan,Accessories,Headset,20,2920.00,2180.89,739.11
SO-10004,2026-01-15,2026-01,North,Morgan,Storage,NAS Drive,31,9858.00,6383.96,3474.04
SO-10005,2026-01-15,2026-01,South,Jordan,Electronics,USB-C Dock,29,6757.00,4462.45,2294.55
SO-10006,2026-01-15,2026-01,South,Taylor,Office,Standing Desk,18,7308.00,5425.12,1882.88
SO-10007,2026-01-15,2026-01,South,Taylor,Accessories,Webcam,42,4368.00,3062.34,1305.66
SO-10008,2026-01-15,2026-01,South,Jordan,Storage,NAS Drive,19,6232.00,4283.31,1948.69
SO-10009,2026-01-15,2026-01,East,Riley,Electronics,USB-C Dock,30,8370.00,5499.62,2870.38
SO-10010,2026-01-15,2026-01,East,Riley,Office,Ergo Chair,13,4849.00,3084.42,1764.58
SO-10011,2026-01-15,2026-01,East,Casey,Accessories,Headset,12,1740.00,1204.27,535.73
SO-10012,2026-01-15,2026-01,East,Riley,Storage,Portable SSD,37,11877.00,7342.80,4534.20
SO-10013,2026-01-15,2026-01,West,Parker,Electronics,USB-C Dock,41,11234.00,7761.09,3472.91
SO-10014,2026-01-15,2026-01,West,Cameron,Office,Standing Desk,21,8190.00,5973.81,2216.19
SO-10015,2026-01-15,2026-01,West,Parker,Accessories,Headset,14,2100.00,1239.93,860.07
SO-10016,2026-01-15,2026-01,West,Parker,Storage,NAS Drive,14,4536.00,2755.86,1780.14
SO-10017,2026-02-15,2026-02,North,Avery,Electronics,Display Hub,29,7975.00,5223.27,2751.73
SO-10018,2026-02-15,2026-02,North,Avery,Office,Ergo Chair,41,17056.00,12840.18,4215.82
SO-10019,2026-02-15,2026-02,North,Avery,Accessories,Headset,18,2430.00,1772.48,657.52
SO-10020,2026-02-15,2026-02,North,Morgan,Storage,Portable SSD,26,8320.00,5170.75,3149.25
SO-10021,2026-02-15,2026-02,South,Jordan,Electronics,USB-C Dock,38,10184.00,5955.87,4228.13
SO-10022,2026-02-15,2026-02,South,Jordan,Office,Standing Desk,17,6732.00,4764.58,1967.42
SO-10023,2026-02-15,2026-02,South,Taylor,Accessories,Webcam,16,2288.00,1699.69,588.31
SO-10024,2026-02-15,2026-02,South,Jordan,Storage,NAS Drive,19,6251.00,4526.98,1724.02
SO-10025,2026-02-15,2026-02,East,Riley,Electronics,USB-C Dock,18,4878.00,3231.14,1646.86
SO-10026,2026-02-15,2026-02,East,Casey,Office,Standing Desk,24,10128.00,7462.96,2665.04
SO-10027,2026-02-15,2026-02,East,Riley,Accessories,Webcam,42,6090.00,3841.96,2248.04
SO-10028,2026-02-15,2026-02,East,Casey,Storage,NAS Drive,18,5922.00,3561.06,2360.94
SO-10029,2026-02-15,2026-02,West,Cameron,Electronics,USB-C Dock,33,9108.00,5808.18,3299.82
SO-10030,2026-02-15,2026-02,West,Parker,Office,Standing Desk,14,5208.00,3752.83,1455.17
SO-10031,2026-02-15,2026-02,West,Parker,Accessories,Webcam,8,1000.00,611.19,388.81
SO-10032,2026-02-15,2026-02,West,Parker,Storage,Portable SSD,34,11560.00,7888.23,3671.77
SO-10033,2026-03-15,2026-03,North,Morgan,Electronics,Display Hub,28,7224.00,5017.19,2206.81
SO-10034,2026-03-15,2026-03,North,Morgan,Office,Standing Desk,12,4992.00,2931.36,2060.64
SO-10035,2026-03-15,2026-03,North,Morgan,Accessories,Webcam,35,5040.00,2969.04,2070.96
SO-10036,2026-03-15,2026-03,North,Morgan,Storage,Portable SSD,15,5130.00,3616.59,1513.41
SO-10037,2026-03-15,2026-03,South,Jordan,Electronics,Display Hub,13,3497.00,2340.16,1156.84
SO-10038,2026-03-15,2026-03,South,Taylor,Office,Ergo Chair,39,16029.00,10363.18,5665.82
SO-10039,2026-03-15,2026-03,South,Jordan,Accessories,Headset,16,2112.00,1228.26,883.74
SO-10040,2026-03-15,2026-03,South,Taylor,Storage,NAS Drive,39,11310.00,7486.88,3823.12
SO-10041,2026-03-15,2026-03,East,Casey,Electronics,USB-C Dock,23,6394.00,3886.94,2507.06
SO-10042,2026-03-15,2026-03,East,Riley,Office,Ergo Chair,25,10075.00,6732.94,3342.06
SO-10043,2026-03-15,2026-03,East,Casey,Accessories,Webcam,31,4309.00,2928.35,1380.65
SO-10044,2026-03-15,2026-03,East,Casey,Storage,Portable SSD,27,8424.00,5022.99,3401.01
SO-10045,2026-03-15,2026-03,West,Cameron,Electronics,USB-C Dock,28,6524.00,4608.25,1915.75
SO-10046,2026-03-15,2026-03,West,Cameron,Office,Standing Desk,11,4400.00,3010.06,1389.94
SO-10047,2026-03-15,2026-03,West,Parker,Accessories,Headset,28,3752.00,2740.39,1011.61
SO-10048,2026-03-15,2026-03,West,Cameron,Storage,Portable SSD,22,6556.00,4389.41,2166.59
SO-10049,2026-04-15,2026-04,North,Avery,Electronics,USB-C Dock,38,9614.00,5620.39,3993.61
SO-10050,2026-04-15,2026-04,North,Avery,Office,Ergo Chair,11,4378.00,2785.83,1592.17
SO-10051,2026-04-15,2026-04,North,Morgan,Accessories,Webcam,36,4572.00,3057.29,1514.71
SO-10052,2026-04-15,2026-04,North,Morgan,Storage,Portable SSD,36,11592.00,8160.15,3431.85
SO-10053,2026-04-15,2026-04,South,Jordan,Electronics,USB-C Dock,40,10120.00,6048.24,4071.76
SO-10054,2026-04-15,2026-04,South,Jordan,Office,Ergo Chair,18,7056.00,4934.37,2121.63
SO-10055,2026-04-15,2026-04,South,Jordan,Accessories,Webcam,25,3675.00,2577.04,1097.96
SO-10056,2026-04-15,2026-04,South,Taylor,Storage,NAS Drive,15,4725.00,2858.72,1866.28
SO-10057,2026-04-15,2026-04,East,Riley,Electronics,USB-C Dock,16,3760.00,2425.02,1334.98
SO-10058,2026-04-15,2026-04,East,Riley,Office,Ergo Chair,22,8998.00,5478.89,3519.11
SO-10059,2026-04-15,2026-04,East,Riley,Accessories,Headset,16,1936.00,1393.13,542.87
SO-10060,2026-04-15,2026-04,East,Riley,Storage,NAS Drive,23,7751.00,4744.95,3006.05
SO-10061,2026-04-15,2026-04,West,Cameron,Electronics,Display Hub,24,5592.00,3468.28,2123.72
SO-10062,2026-04-15,2026-04,West,Parker,Office,Standing Desk,19,7505.00,4593.24,2911.76
SO-10063,2026-04-15,2026-04,West,Parker,Accessories,Headset,29,3016.00,2129.75,886.25
SO-10064,2026-04-15,2026-04,West,Parker,Storage,NAS Drive,17,5406.00,3633.23,1772.77
SO-10065,2026-05-15,2026-05,North,Morgan,Electronics,Display Hub,16,4080.00,2859.36,1220.64
SO-10066,2026-05-15,2026-05,North,Avery,Office,Ergo Chair,36,13716.00,8779.69,4936.31
SO-10067,2026-05-15,2026-05,North,Morgan,Accessories,Headset,12,1452.00,1068.78,383.22
SO-10068,2026-05-15,2026-05,North,Avery,Storage,Portable SSD,42,12390.00,7677.87,4712.13
SO-10069,2026-05-15,2026-05,South,Jordan,Electronics,Display Hub,16,4368.00,3102.33,1265.67
SO-10070,2026-05-15,2026-05,South,Taylor,Office,Ergo Chair,35,13055.00,7886.83,5168.17
SO-10071,2026-05-15,2026-05,South,Taylor,Accessories,Headset,18,1890.00,1099.96,790.04
SO-10072,2026-05-15,2026-05,South,Jordan,Storage,NAS Drive,33,11319.00,8099.98,3219.02
SO-10073,2026-05-15,2026-05,East,Casey,Electronics,USB-C Dock,38,8778.00,5841.70,2936.30
SO-10074,2026-05-15,2026-05,East,Riley,Office,Standing Desk,41,15170.00,9798.28,5371.72
SO-10075,2026-05-15,2026-05,East,Casey,Accessories,Webcam,24,3120.00,2158.55,961.45
SO-10076,2026-05-15,2026-05,East,Casey,Storage,Portable SSD,20,6020.00,4292.71,1727.29
SO-10077,2026-05-15,2026-05,West,Parker,Electronics,Display Hub,19,4541.00,3395.44,1145.56
SO-10078,2026-05-15,2026-05,West,Parker,Office,Standing Desk,8,3032.00,1942.40,1089.60
SO-10079,2026-05-15,2026-05,West,Parker,Accessories,Headset,29,3074.00,2181.44,892.56
SO-10080,2026-05-15,2026-05,West,Parker,Storage,Portable SSD,10,2940.00,2195.42,744.58
SO-10081,2026-06-15,2026-06,North,Morgan,Electronics,USB-C Dock,30,6930.00,4820.19,2109.81
SO-10082,2026-06-15,2026-06,North,Morgan,Office,Standing Desk,27,11421.00,7598.87,3822.13
SO-10083,2026-06-15,2026-06,North,Morgan,Accessories,Webcam,36,4356.00,2532.89,1823.11
SO-10084,2026-06-15,2026-06,North,Avery,Storage,NAS Drive,21,6342.00,4132.37,2209.63
SO-10085,2026-06-15,2026-06,South,Taylor,Electronics,Display Hub,35,9800.00,5982.54,3817.46
SO-10086,2026-06-15,2026-06,South,Taylor,Office,Ergo Chair,13,5278.00,3275.30,2002.70
SO-10087,2026-06-15,2026-06,South,Jordan,Accessories,Headset,14,1596.00,1063.12,532.88
SO-10088,2026-06-15,2026-06,South,Taylor,Storage,NAS Drive,39,12207.00,8661.00,3546.00
SO-10089,2026-06-15,2026-06,East,Riley,Electronics,USB-C Dock,32,8480.00,4982.52,3497.48
SO-10090,2026-06-15,2026-06,East,Riley,Office,Ergo Chair,34,14212.00,10599.24,3612.76
SO-10091,2026-06-15,2026-06,East,Casey,Accessories,Webcam,24,3216.00,1911.99,1304.01
SO-10092,2026-06-15,2026-06,East,Casey,Storage,Portable SSD,12,3564.00,2578.11,985.89
SO-10093,2026-06-15,2026-06,West,Parker,Electronics,Display Hub,29,7569.00,5047.48,2521.52
SO-10094,2026-06-15,2026-06,West,Parker,Office,Ergo Chair,13,5434.00,3692.97,1741.03
SO-10095,2026-06-15,2026-06,West,Cameron,Accessories,Webcam,39,5109.00,3086.41,2022.59
SO-10096,2026-06-15,2026-06,West,Parker,Storage,NAS Drive,26,7644.00,4703.95,2940.05
